<?xml version="1.0" encoding="utf-8" ?>

<Defs>
  
  <DamageDef>
    <defName>yy_tb</defName>
    <label>turret shell</label>
    <workerClass>DamageWorker_AddInjury</workerClass>
    <externalViolence>true</externalViolence>
    <isExplosive>true</isExplosive>
    <deathMessage>{0} has died in an explosion.</deathMessage>
    <hediff>Shredded</hediff>
    <hediffSolid>Crack</hediffSolid>
    <harmAllLayersUntilOutside>true</harmAllLayersUntilOutside>
    <impactSoundType>Blunt</impactSoundType>
    <armorCategory>Sharp</armorCategory>
    <minDamageToFragment>15</minDamageToFragment>
    <defaultDamage>30</defaultDamage>
    <defaultStoppingPower>6.0</defaultStoppingPower>
    <defaultArmorPenetration>0.40</defaultArmorPenetration>
    <buildingDamageFactor>3</buildingDamageFactor>
    <plantDamageFactor>2</plantDamageFactor>
    <explosionAffectOutsidePartsOnly>false</explosionAffectOutsidePartsOnly>
    <explosionHeatEnergyPerCell>5</explosionHeatEnergyPerCell>
    <explosionCellFleck>BlastDry</explosionCellFleck>
    <explosionColorCenter>(1, 0.5, 0.3)</explosionColorCenter>
    <explosionColorEdge>(0.6, 0.5, 0.4)</explosionColorEdge>
    <soundExplosion>yy_explosion</soundExplosion>
    <combatLogRules>Damage_Bomb</combatLogRules>
  </DamageDef>
  
</Defs>