<?xml version="1.0" encoding="utf-8"?>
<Defs>

	<SoundDef>
    <defName>Rocket_Launch</defName>
    <context>MapOnly</context>
    <eventNames />
    <maxSimultaneous>1</maxSimultaneous>
	<subSounds>
	<li>
        <grains>
		<li Class="AudioGrain_Clip">
			<clipPath>rocketcast</clipPath>
        </li>
        </grains>
        <volumeRange>
			<min>100</min>
			<max>130</max>
        </volumeRange>
		<distRange>
          <min>70</min>        
          <max>100</max>
        </distRange>
        <pitchRange>
			<min>1.0541177</min>
			<max>1.068824</max>
        </pitchRange>
        <repeatMode>NeverTwice</repeatMode>
        <sustainLoop>False</sustainLoop>
	</li>
	</subSounds>
	</SoundDef>

	<SoundDef>
    <defName>yy_explosion</defName>
    <context>MapOnly</context>
    <eventNames />
    <maxSimultaneous>1</maxSimultaneous>
	<subSounds>
	<li>
        <grains>
		<li Class="AudioGrain_Clip">
			<clipPath>yy_explosion</clipPath>
        </li>
        </grains>
        <volumeRange>
			<min>70</min>
			<max>100</max>
        </volumeRange>
		<distRange>
          <min>40</min>        
          <max>70</max>
        </distRange>
        <pitchRange>
			<min>1.0541177</min>
			<max>1.068824</max>
        </pitchRange>
        <repeatMode>NeverTwice</repeatMode>
        <sustainLoop>False</sustainLoop>
	</li>
	</subSounds>
	</SoundDef>

</Defs>