<?xml version="1.0" encoding="utf-8" ?>

<Defs>
  
  <ThingDef ParentName="ResourceBase">
    <defName>Uranium_Shell</defName>
    <label>Uranium Alloy Shell</label>
    <description>Explosive shell used for advanced turret.</description>
    <graphicData>
      <texPath>defenseturret/turretbullet</texPath>
      <graphicClass>Graphic_StackCount</graphicClass>
    </graphicData>
    <soundInteract>Metal_Drop</soundInteract>
    <soundDrop>Standard_Drop</soundDrop>
    <tickerType>Normal</tickerType>
    <stackLimit>100</stackLimit>
    <techLevel>Industrial</techLevel>
    <statBases>
      <MaxHitPoints>100</MaxHitPoints>
      <MarketValue>40</MarketValue>
      <Mass>1</Mass>
      <Flammability>1.0</Flammability>
      <DeteriorationRate>1.5</DeteriorationRate>
    </statBases>
    <comps>
      <li Class="CompProperties_Explosive">
        <explosiveRadius>1.9</explosiveRadius>
        <explosiveDamageType>yy_tb</explosiveDamageType>
        <explosiveExpandPerStackcount>0.4</explosiveExpandPerStackcount>
        <startWickHitPointsPercent>0.7</startWickHitPointsPercent>
        <wickTicks>30~60</wickTicks>
      </li>
    </comps>
    <projectileWhenLoaded>yy_turretbullet</projectileWhenLoaded>
	<thingCategories>
	  <li>Manufactured</li>
	</thingCategories>
    <tradeTags>
      <li>MortarShell</li>
    </tradeTags>
    <costList>
      <Uranium>1</Uranium>
      <Steel>10</Steel>
      <Chemfuel>7</Chemfuel>
    </costList>
    <costListForDifficulty>
      <difficultyVar>classicMortars</difficultyVar>
      <costList>
		<Uranium>5</Uranium>
		<Chemfuel>10</Chemfuel>
      </costList>
    </costListForDifficulty>
    <recipeMaker>
      <workSpeedStat>GeneralLaborSpeed</workSpeedStat>
      <effectWorking>Cook</effectWorking>
      <soundWorking>Recipe_Machining</soundWorking>
      <workAmount>500</workAmount>
      <targetCountAdjustment>5</targetCountAdjustment>
      <workSkill>Crafting</workSkill>
      <recipeUsers>
        <li>TableMachining</li>
      </recipeUsers>
      <skillRequirements>
        <Crafting>4</Crafting>
      </skillRequirements>
      <researchPrerequisite>Mortars</researchPrerequisite>
    </recipeMaker>
  </ThingDef>

</Defs>